[
  {"name": "Cuenca", "province": "Azuay", "iso": "EC-A"},
  {"name": "Camilo Ponce Enríquez", "province": "Azuay", "iso": "EC-A"},
  {"name": "Chordeleg", "province": "Azuay", "iso": "EC-A"},
  {"name": "El Pan", "province": "Azuay", "iso": "EC-A"},
  {"name": "Girón", "province": "Azuay", "iso": "EC-A"},
  {"name": "Guachapala", "province": "Azuay", "iso": "EC-A"},
  {"name": "Gualaceo", "province": "Azuay", "iso": "EC-A"},
  {"name": "Nabón", "province": "Azuay", "iso": "EC-A"},
  {"name": "Oña", "province": "Azuay", "iso": "EC-A"},
  {"name": "Paute", "province": "Azuay", "iso": "EC-A"},
  {"name": "Pucará", "province": "Azuay", "iso": "EC-A"},
  {"name": "San Fernando", "province": "Azuay", "iso": "EC-A"},
  {"name": "Santa Isabel", "province": "Azuay", "iso": "EC-A"},
  {"name": "Sevilla de Oro", "province": "Azuay", "iso": "EC-A"},
  {"name": "Sígsig", "province": "Azuay", "iso": "EC-A"},

  {"name": "Guaranda", "province": "Bolívar", "iso": "EC-B"},
  {"name": "Caluma", "province": "Bolívar", "iso": "EC-B"},
  {"name": "Chillanes", "province": "Bolívar", "iso": "EC-B"},
  {"name": "Chimbo", "province": "Bolívar", "iso": "EC-B"},
  {"name": "Echeandía", "province": "Bolívar", "iso": "EC-B"},
  {"name": "Las Naves", "province": "Bolívar", "iso": "EC-B"},
  {"name": "San Miguel", "province": "Bolívar", "iso": "EC-B"},

  {"name": "Azogues", "province": "Cañar", "iso": "EC-F"},
  {"name": "Biblián", "province": "Cañar", "iso": "EC-F"},
  {"name": "Cañar", "province": "Cañar", "iso": "EC-F"},
  {"name": "Déleg", "province": "Cañar", "iso": "EC-F"},
  {"name": "El Tambo", "province": "Cañar", "iso": "EC-F"},
  {"name": "La Troncal", "province": "Cañar", "iso": "EC-F"},
  {"name": "Suscal", "province": "Cañar", "iso": "EC-F"},

  {"name": "Tulcán", "province": "Carchi", "iso": "EC-C"},
  {"name": "Bolívar", "province": "Carchi", "iso": "EC-C"},
  {"name": "Espejo", "province": "Carchi", "iso": "EC-C"},
  {"name": "Mira", "province": "Carchi", "iso": "EC-C"},
  {"name": "Montúfar", "province": "Carchi", "iso": "EC-C"},
  {"name": "San Pedro de Huaca", "province": "Carchi", "iso": "EC-C"},

  {"name": "Riobamba", "province": "Chimborazo", "iso": "EC-H"},
  {"name": "Alausí", "province": "Chimborazo", "iso": "EC-H"},
  {"name": "Chambo", "province": "Chimborazo", "iso": "EC-H"},
  {"name": "Chunchi", "province": "Chimborazo", "iso": "EC-H"},
  {"name": "Colta", "province": "Chimborazo", "iso": "EC-H"},
  {"name": "Cumandá", "province": "Chimborazo", "iso": "EC-H"},
  {"name": "Guamote", "province": "Chimborazo", "iso": "EC-H"},
  {"name": "Guano", "province": "Chimborazo", "iso": "EC-H"},
  {"name": "Pallatanga", "province": "Chimborazo", "iso": "EC-H"},
  {"name": "Penipe", "province": "Chimborazo", "iso": "EC-H"},

  {"name": "Latacunga", "province": "Cotopaxi", "iso": "EC-X"},
  {"name": "La Maná", "province": "Cotopaxi", "iso": "EC-X"},
  {"name": "Pangua", "province": "Cotopaxi", "iso": "EC-X"},
  {"name": "Pujilí", "province": "Cotopaxi", "iso": "EC-X"},
  {"name": "Salcedo", "province": "Cotopaxi", "iso": "EC-X"},
  {"name": "Saquisilí", "province": "Cotopaxi", "iso": "EC-X"},

  {"name": "Machala", "province": "El Oro", "iso": "EC-O"},
  {"name": "Arenillas", "province": "El Oro", "iso": "EC-O"},
  {"name": "Atahualpa", "province": "El Oro", "iso": "EC-O"},
  {"name": "Balsas", "province": "El Oro", "iso": "EC-O"},
  {"name": "Chilla", "province": "El Oro", "iso": "EC-O"},
  {"name": "El Guabo", "province": "El Oro", "iso": "EC-O"},
  {"name": "Huaquillas", "province": "El Oro", "iso": "EC-O"},
  {"name": "Las Lajas", "province": "El Oro", "iso": "EC-O"},
  {"name": "Marcabelí", "province": "El Oro", "iso": "EC-O"},
  {"name": "Pasaje", "province": "El Oro", "iso": "EC-O"},
  {"name": "Piñas", "province": "El Oro", "iso": "EC-O"},
  {"name": "Portovelo", "province": "El Oro", "iso": "EC-O"},
  {"name": "Santa Rosa", "province": "El Oro", "iso": "EC-O"},
  {"name": "Zaruma", "province": "El Oro", "iso": "EC-O"},

  {"name": "Esmeraldas", "province": "Esmeraldas", "iso": "EC-E"},
  {"name": "Eloy Alfaro", "province": "Esmeraldas", "iso": "EC-E"},
  {"name": "Muisne", "province": "Esmeraldas", "iso": "EC-E"},
  {"name": "Quinindé", "province": "Esmeraldas", "iso": "EC-E"},
  {"name": "Rioverde", "province": "Esmeraldas", "iso": "EC-E"},
  {"name": "San Lorenzo", "province": "Esmeraldas", "iso": "EC-E"},

  {"name": "San Cristóbal", "province": "Galápagos", "iso": "EC-W"},
  {"name": "Santa Cruz", "province": "Galápagos", "iso": "EC-W"},
  {"name": "Isabela", "province": "Galápagos", "iso": "EC-W"},

  {"name": "Guayaquil", "province": "Guayas", "iso": "EC-G"},
  {"name": "Alfredo Baquerizo Moreno", "province": "Guayas", "iso": "EC-G"},
  {"name": "Balao", "province": "Guayas", "iso": "EC-G"},
  {"name": "Balzar", "province": "Guayas", "iso": "EC-G"},
  {"name": "Colimes", "province": "Guayas", "iso": "EC-G"},
  {"name": "Daule", "province": "Guayas", "iso": "EC-G"},
  {"name": "Durán", "province": "Guayas", "iso": "EC-G"},
  {"name": "El Empalme", "province": "Guayas", "iso": "EC-G"},
  {"name": "El Triunfo", "province": "Guayas", "iso": "EC-G"},
  {"name": "General Antonio Elizalde", "province": "Guayas", "iso": "EC-G"},
  {"name": "Isidro Ayora", "province": "Guayas", "iso": "EC-G"},
  {"name": "Lomas de Sargentillo", "province": "Guayas", "iso": "EC-G"},
  {"name": "Marcelino Maridueña", "province": "Guayas", "iso": "EC-G"},
  {"name": "Milagro", "province": "Guayas", "iso": "EC-G"},
  {"name": "Naranjal", "province": "Guayas", "iso": "EC-G"},
  {"name": "Naranjito", "province": "Guayas", "iso": "EC-G"},
  {"name": "Nobol", "province": "Guayas", "iso": "EC-G"},
  {"name": "Palestina", "province": "Guayas", "iso": "EC-G"},
  {"name": "Pedro Carbo", "province": "Guayas", "iso": "EC-G"},
  {"name": "Playas", "province": "Guayas", "iso": "EC-G"},
  {"name": "Salitre", "province": "Guayas", "iso": "EC-G"},
  {"name": "Samborondón", "province": "Guayas", "iso": "EC-G"},
  {"name": "Santa Lucía", "province": "Guayas", "iso": "EC-G"},
  {"name": "Simón Bolívar", "province": "Guayas", "iso": "EC-G"},
  {"name": "Yaguachi", "province": "Guayas", "iso": "EC-G"},

  {"name": "Ibarra", "province": "Imbabura", "iso": "EC-I"},
  {"name": "Antonio Ante", "province": "Imbabura", "iso": "EC-I"},
  {"name": "Cotacachi", "province": "Imbabura", "iso": "EC-I"},
  {"name": "Otavalo", "province": "Imbabura", "iso": "EC-I"},
  {"name": "Pimampiro", "province": "Imbabura", "iso": "EC-I"},
  {"name": "San Miguel de Urcuquí", "province": "Imbabura", "iso": "EC-I"},

  {"name": "Loja", "province": "Loja", "iso": "EC-L"},
  {"name": "Calvas", "province": "Loja", "iso": "EC-L"},
  {"name": "Catamayo", "province": "Loja", "iso": "EC-L"},
  {"name": "Celica", "province": "Loja", "iso": "EC-L"},
  {"name": "Chaguarpamba", "province": "Loja", "iso": "EC-L"},
  {"name": "Espíndola", "province": "Loja", "iso": "EC-L"},
  {"name": "Gonzanamá", "province": "Loja", "iso": "EC-L"},
  {"name": "Macará", "province": "Loja", "iso": "EC-L"},
  {"name": "Paltas", "province": "Loja", "iso": "EC-L"},
  {"name": "Pindal", "province": "Loja", "iso": "EC-L"},
  {"name": "Puyango", "province": "Loja", "iso": "EC-L"},
  {"name": "Quilanga", "province": "Loja", "iso": "EC-L"},
  {"name": "Saraguro", "province": "Loja", "iso": "EC-L"},
  {"name": "Sozoranga", "province": "Loja", "iso": "EC-L"},
  {"name": "Zapotillo", "province": "Loja", "iso": "EC-L"},

  {"name": "Babahoyo", "province": "Los Ríos", "iso": "EC-R"},
  {"name": "Baba", "province": "Los Ríos", "iso": "EC-R"},
  {"name": "Buena Fe", "province": "Los Ríos", "iso": "EC-R"},
  {"name": "Mocache", "province": "Los Ríos", "iso": "EC-R"},
  {"name": "Montalvo", "province": "Los Ríos", "iso": "EC-R"},
  {"name": "Palenque", "province": "Los Ríos", "iso": "EC-R"},
  {"name": "Puebloviejo", "province": "Los Ríos", "iso": "EC-R"},
  {"name": "Quevedo", "province": "Los Ríos", "iso": "EC-R"},
  {"name": "Quinsaloma", "province": "Los Ríos", "iso": "EC-R"},
  {"name": "Urdaneta", "province": "Los Ríos", "iso": "EC-R"},
  {"name": "Valencia", "province": "Los Ríos", "iso": "EC-R"},
  {"name": "Ventanas", "province": "Los Ríos", "iso": "EC-R"},
  {"name": "Vinces", "province": "Los Ríos", "iso": "EC-R"},

  {"name": "Portoviejo", "province": "Manabí", "iso": "EC-M"},
  {"name": "Bolívar", "province": "Manabí", "iso": "EC-M"},
  {"name": "Chone", "province": "Manabí", "iso": "EC-M"},
  {"name": "El Carmen", "province": "Manabí", "iso": "EC-M"},
  {"name": "Flavio Alfaro", "province": "Manabí", "iso": "EC-M"},
  {"name": "Jama", "province": "Manabí", "iso": "EC-M"},
  {"name": "Jaramijó", "province": "Manabí", "iso": "EC-M"},
  {"name": "Jipijapa", "province": "Manabí", "iso": "EC-M"},
  {"name": "Junín", "province": "Manabí", "iso": "EC-M"},
  {"name": "Manta", "province": "Manabí", "iso": "EC-M"},
  {"name": "Montecristi", "province": "Manabí", "iso": "EC-M"},
  {"name": "Olmedo", "province": "Manabí", "iso": "EC-M"},
  {"name": "Paján", "province": "Manabí", "iso": "EC-M"},
  {"name": "Pedernales", "province": "Manabí", "iso": "EC-M"},
  {"name": "Pichincha", "province": "Manabí", "iso": "EC-M"},
  {"name": "Puerto López", "province": "Manabí", "iso": "EC-M"},
  {"name": "Rocafuerte", "province": "Manabí", "iso": "EC-M"},
  {"name": "San Vicente", "province": "Manabí", "iso": "EC-M"},
  {"name": "Santa Ana", "province": "Manabí", "iso": "EC-M"},
  {"name": "Sucre", "province": "Manabí", "iso": "EC-M"},
  {"name": "Tosagua", "province": "Manabí", "iso": "EC-M"},
  {"name": "Veinticuatro de Mayo", "province": "Manabí", "iso": "EC-M"},

  {"name": "Morona", "province": "Morona Santiago", "iso": "EC-S"},
  {"name": "Gualaquiza", "province": "Morona Santiago", "iso": "EC-S"},
  {"name": "Huamboya", "province": "Morona Santiago", "iso": "EC-S"},
  {"name": "Limón Indanza", "province": "Morona Santiago", "iso": "EC-S"},
  {"name": "Logroño", "province": "Morona Santiago", "iso": "EC-S"},
  {"name": "Pablo Sexto", "province": "Morona Santiago", "iso": "EC-S"},
  {"name": "Palora", "province": "Morona Santiago", "iso": "EC-S"},
  {"name": "San Juan Bosco", "province": "Morona Santiago", "iso": "EC-S"},
  {"name": "Santiago", "province": "Morona Santiago", "iso": "EC-S"},
  {"name": "Sucúa", "province": "Morona Santiago", "iso": "EC-S"},
  {"name": "Taisha", "province": "Morona Santiago", "iso": "EC-S"},
  {"name": "Tiwintza", "province": "Morona Santiago", "iso": "EC-S"},

  {"name": "Tena", "province": "Napo", "iso": "EC-N"},
  {"name": "Archidona", "province": "Napo", "iso": "EC-N"},
  {"name": "Carlos Julio Arosemena Tola", "province": "Napo", "iso": "EC-N"},
  {"name": "El Chaco", "province": "Napo", "iso": "EC-N"},
  {"name": "Quijos", "province": "Napo", "iso": "EC-N"},

  {"name": "Francisco de Orellana", "province": "Orellana", "iso": "EC-D"},
  {"name": "Aguarico", "province": "Orellana", "iso": "EC-D"},
  {"name": "La Joya de los Sachas", "province": "Orellana", "iso": "EC-D"},
  {"name": "Loreto", "province": "Orellana", "iso": "EC-D"},

  {"name": "Puyo", "province": "Pastaza", "iso": "EC-Y"},
  {"name": "Arajuno", "province": "Pastaza", "iso": "EC-Y"},
  {"name": "Mera", "province": "Pastaza", "iso": "EC-Y"},
  {"name": "Santa Clara", "province": "Pastaza", "iso": "EC-Y"},

  {"name": "Quito", "province": "Pichincha", "iso": "EC-P"},
  {"name": "Cayambe", "province": "Pichincha", "iso": "EC-P"},
  {"name": "Mejía", "province": "Pichincha", "iso": "EC-P"},
  {"name": "Pedro Moncayo", "province": "Pichincha", "iso": "EC-P"},
  {"name": "Pedro Vicente Maldonado", "province": "Pichincha", "iso": "EC-P"},
  {"name": "Puerto Quito", "province": "Pichincha", "iso": "EC-P"},
  {"name": "Rumiñahui", "province": "Pichincha", "iso": "EC-P"},

  {"name": "Santa Elena", "province": "Santa Elena", "iso": "EC-SE"},
  {"name": "La Libertad", "province": "Santa Elena", "iso": "EC-SE"},
  {"name": "Salinas", "province": "Santa Elena", "iso": "EC-SE"},

  {"name": "Santo Domingo", "province": "Santo Domingo de los Tsáchilas", "iso": "EC-SD"},

  {"name": "Nueva Loja", "province": "Sucumbíos", "iso": "EC-U"},
  {"name": "Cascales", "province": "Sucumbíos", "iso": "EC-U"},
  {"name": "Cuyabeno", "province": "Sucumbíos", "iso": "EC-U"},
  {"name": "Gonzalo Pizarro", "province": "Sucumbíos", "iso": "EC-U"},
  {"name": "Lago Agrio", "province": "Sucumbíos", "iso": "EC-U"},
  {"name": "Putumayo", "province": "Sucumbíos", "iso": "EC-U"},
  {"name": "Shushufindi", "province": "Sucumbíos", "iso": "EC-U"},
  {"name": "Sucumbíos", "province": "Sucumbíos", "iso": "EC-U"},

  {"name": "Ambato", "province": "Tungurahua", "iso": "EC-T"},
  {"name": "Baños de Agua Santa", "province": "Tungurahua", "iso": "EC-T"},
  {"name": "Cevallos", "province": "Tungurahua", "iso": "EC-T"},
  {"name": "Mocha", "province": "Tungurahua", "iso": "EC-T"},
  {"name": "Patate", "province": "Tungurahua", "iso": "EC-T"},
  {"name": "Quero", "province": "Tungurahua", "iso": "EC-T"},
  {"name": "San Pedro de Pelileo", "province": "Tungurahua", "iso": "EC-T"},
  {"name": "Santiago de Píllaro", "province": "Tungurahua", "iso": "EC-T"},
  {"name": "Tisaleo", "province": "Tungurahua", "iso": "EC-T"},

  {"name": "Zamora", "province": "Zamora Chinchipe", "iso": "EC-Z"},
  {"name": "Centinela del Cóndor", "province": "Zamora Chinchipe", "iso": "EC-Z"},
  {"name": "Chinchipe", "province": "Zamora Chinchipe", "iso": "EC-Z"},
  {"name": "El Pangui", "province": "Zamora Chinchipe", "iso": "EC-Z"},
  {"name": "Nangaritza", "province": "Zamora Chinchipe", "iso": "EC-Z"},
  {"name": "Palanda", "province": "Zamora Chinchipe", "iso": "EC-Z"},
  {"name": "Paquisha", "province": "Zamora Chinchipe", "iso": "EC-Z"}
]
